{
  "test_mae_us": 27629.807946428173,
  "test_rmse_us": 32558.67355810646,
  "test_mape_pct": 2.6950040009482676,
  "best_val_loss": 0.001833131886087358,
  "train_samples": 62,
  "val_samples": 13,
  "test_samples": 14,
  "total_samples": 89
}