{
  "test_mae_us": 18163.48437499951,
  "test_rmse_us": 22118.819220554193,
  "test_mape_pct": 1.9367758768265286,
  "best_val_loss": 0.0019297720864415169,
  "train_samples": 62,
  "val_samples": 13,
  "test_samples": 14,
  "total_samples": 89
}