{
  "train": [
    1.015233079592387,
    0.8974002003669739,
    0.805937131245931,
    0.7761039733886719,
    0.6497186422348022,
    0.5617115497589111,
    0.5341541866461436,
    0.4354334572950999,
    0.4171103239059448,
    0.3590739965438843,
    0.28605830669403076,
    0.2462331751982371,
    0.139972023665905,
    0.12208519379297893,
    0.10436649868885677,
    0.09127962837616603,
    0.06418334071834882,
    0.06485704332590103,
    0.05002728228767713,
    0.08953038354714711,
    0.05519143616159757,
    0.04762372995416323,
    0.04673452551166216,
    0.03548684840401014,
    0.02999318391084671,
    0.04238392040133476,
    0.03837709625562032,
    0.044590077052513756,
    0.03227531475325426,
    0.03637023828923702,
    0.024807357229292393,
    0.048575916017095246,
    0.03590681217610836,
    0.02265685734649499,
    0.0242158155888319,
    0.02166989694039027,
    0.03956413144866625,
    0.029350795472661655,
    0.03260276218255361,
    0.017705710604786873,
    0.04488091543316841,
    0.04054885730147362,
    0.036165766417980194,
    0.04686408986647924,
    0.030550652494033177,
    0.026603744675715763,
    0.0244523286819458,
    0.038116571183005966,
    0.030034277588129044,
    0.029681792482733727,
    0.029915925736228626,
    0.018925840345521767,
    0.024200681907435257,
    0.022592497368653614,
    0.020335834473371506,
    0.025830561916033428,
    0.024188632145524025,
    0.030332857742905617,
    0.02480304179092248,
    0.028688998892903328,
    0.01929887756705284,
    0.027609093114733696,
    0.03541511483490467,
    0.026007060582439106,
    0.02787879668176174,
    0.02603151711324851,
    0.028195351362228394,
    0.021411944801608723,
    0.013302849605679512,
    0.015654061920940876,
    0.014140859867135683,
    0.01943381316959858,
    0.02944998008509477,
    0.02839153508345286,
    0.021726814098656178,
    0.02106489644696315,
    0.02382816808919112,
    0.027060842141509056,
    0.02620462452371915,
    0.025529166373113792,
    0.03399541229009628
  ],
  "val": [
    0.987569272518158,
    0.89875727891922,
    0.8119492530822754,
    0.7317989468574524,
    0.6513572931289673,
    0.573546290397644,
    0.4964381456375122,
    0.4190406799316406,
    0.34181976318359375,
    0.2682078778743744,
    0.2014274299144745,
    0.1433878242969513,
    0.0954345241189003,
    0.05866054818034172,
    0.03537023067474365,
    0.023183533921837807,
    0.019307080656290054,
    0.019367070868611336,
    0.019442321732640266,
    0.018670428544282913,
    0.01779581606388092,
    0.01713763363659382,
    0.015992717817425728,
    0.014188015833497047,
    0.01133492961525917,
    0.008783129043877125,
    0.007193319965153933,
    0.006210018415004015,
    0.005308572202920914,
    0.0048491875641047955,
    0.004700202960520983,
    0.00479001272469759,
    0.005004779435694218,
    0.005019771866500378,
    0.005072496365755796,
    0.005807229783385992,
    0.0057936194352805614,
    0.005517434794455767,
    0.004886531736701727,
    0.004092015326023102,
    0.003794850781559944,
    0.003867947030812502,
    0.0043940250761806965,
    0.005675037857145071,
    0.006992299575358629,
    0.007621613331139088,
    0.007698105648159981,
    0.005790275521576405,
    0.0039791385643184185,
    0.0029383073560893536,
    0.00284369383007288,
    0.002965806284919381,
    0.003115686820819974,
    0.003102314192801714,
    0.00319489324465394,
    0.003300774609670043,
    0.003750347066670656,
    0.004601676948368549,
    0.004859918262809515,
    0.004761872813105583,
    0.0045078713446855545,
    0.004058053717017174,
    0.0035714656114578247,
    0.003698325250297785,
    0.0037787575274705887,
    0.003682922339066863,
    0.0035999377723783255,
    0.0034647881984710693,
    0.003244811901822686,
    0.00347901345230639,
    0.004029722884297371,
    0.0042984322644770145,
    0.004129417240619659,
    0.003918186295777559,
    0.003721348475664854,
    0.003506534732878208,
    0.0034237948711961508,
    0.0033476415555924177,
    0.0032711161766201258,
    0.003213142277672887,
    0.003121465677395463
  ]
}