{
  "test_mae_us": 6401.964995404396,
  "test_rmse_us": 15974.792605889297,
  "test_mape_pct": 4.37791658359707,
  "best_val_loss": 0.002081720158457756,
  "train_samples": 75,
  "val_samples": 16,
  "test_samples": 17,
  "total_samples": 108
}