{
  "train": [
    1.0004333853721619,
    1.054430067539215,
    1.0274942517280579,
    0.5923028588294983,
    0.8578602075576782,
    0.6307427287101746,
    0.688288003206253,
    0.6041397750377655,
    0.6015418767929077,
    0.49379977583885193,
    0.3622121661901474,
    0.47990600764751434,
    0.2413095161318779,
    0.4112764000892639,
    0.22854960709810257,
    0.4651868864893913,
    0.2308829501271248,
    0.12379252165555954,
    0.186843603849411,
    0.11691054701805115,
    0.11446452140808105,
    0.09289021231234074,
    0.07253141328692436,
    0.06707204878330231,
    0.06696520559489727,
    0.12536340951919556,
    0.058490149676799774,
    0.1284049227833748,
    0.08463354408740997,
    0.16257303953170776,
    0.0734553337097168,
    0.07858537882566452,
    0.10113444179296494,
    0.07018825598061085,
    0.05720197781920433,
    0.056249852292239666,
    0.0833588931709528,
    0.06512661091983318,
    0.05671937018632889,
    0.05968707613646984,
    0.09066807851195335,
    0.0639500729739666,
    0.09525218605995178,
    0.05569955334067345,
    0.06875807046890259,
    0.08705730363726616,
    0.06556657701730728,
    0.06335673294961452,
    0.05188739113509655,
    0.07395318895578384,
    0.04987802729010582,
    0.04562332574278116,
    0.052862112410366535
  ],
  "val": [
    0.5939004421234131,
    0.5356486439704895,
    0.48558980226516724,
    0.44051945209503174,
    0.3995954990386963,
    0.36028796434402466,
    0.3235943019390106,
    0.2889413833618164,
    0.2557782828807831,
    0.22484484314918518,
    0.19644024968147278,
    0.1707749366760254,
    0.14728879928588867,
    0.1260443776845932,
    0.10675538331270218,
    0.09004870802164078,
    0.07578084617853165,
    0.06394004076719284,
    0.05483802780508995,
    0.04802116006612778,
    0.044056616723537445,
    0.04212484136223793,
    0.04134169965982437,
    0.04147825390100479,
    0.04271513968706131,
    0.04510483145713806,
    0.04857853055000305,
    0.05218417942523956,
    0.05585872009396553,
    0.059492327272892,
    0.06258300691843033,
    0.06555407494306564,
    0.06831367313861847,
    0.07098544389009476,
    0.07256480306386948,
    0.07331231236457825,
    0.07332400977611542,
    0.07249768823385239,
    0.07220736145973206,
    0.07201914489269257,
    0.07163768261671066,
    0.07077820599079132,
    0.06857280433177948,
    0.06515803188085556,
    0.06327855587005615,
    0.06182996928691864,
    0.06103146821260452,
    0.06072012335062027,
    0.06021551787853241,
    0.05938093364238739,
    0.05819697678089142,
    0.05730808526277542,
    0.056965574622154236
  ]
}