{
  "train": [
    0.8738131821155548,
    0.7713459730148315,
    1.1002928018569946,
    0.5808292478322983,
    0.7180908024311066,
    0.6666342616081238,
    0.7480078041553497,
    0.6381612718105316,
    0.43214601278305054,
    0.3915034458041191,
    0.41295695304870605,
    0.4335022568702698,
    0.41283151507377625,
    0.3738332837820053,
    0.32401928305625916,
    0.2514871656894684,
    0.3432806581258774,
    0.15305930748581886,
    0.206197589635849,
    0.20607835054397583,
    0.22423327714204788,
    0.15630120784044266,
    0.05682025104761124,
    0.09350154176354408,
    0.07269266247749329,
    0.04784189723432064,
    0.09009254351258278,
    0.08599384501576424,
    0.07823854312300682,
    0.06751229055225849,
    0.07578693144023418,
    0.12417133711278439,
    0.08242641761898994,
    0.053597635589540005,
    0.08173742890357971,
    0.07611235231161118,
    0.04483209364116192,
    0.04875944787636399,
    0.06278150901198387,
    0.04923294484615326,
    0.04597370233386755,
    0.06711816228926182,
    0.057247284799814224,
    0.07922180369496346,
    0.0868584718555212,
    0.12922503054141998,
    0.08765699714422226,
    0.08783725649118423,
    0.04513890668749809,
    0.08420257270336151,
    0.061169542372226715,
    0.03997120074927807,
    0.04903758596628904
  ],
  "val": [
    0.661148190498352,
    0.6197370290756226,
    0.5799452662467957,
    0.5410696268081665,
    0.5016300678253174,
    0.46184882521629333,
    0.4218492805957794,
    0.38247501850128174,
    0.34451180696487427,
    0.3068937063217163,
    0.27034661173820496,
    0.23524761199951172,
    0.20222659409046173,
    0.17012955248355865,
    0.14074432849884033,
    0.11483372747898102,
    0.09181977808475494,
    0.07210081815719604,
    0.05620434880256653,
    0.04402444511651993,
    0.035584717988967896,
    0.030587978661060333,
    0.02945956587791443,
    0.03178100660443306,
    0.03644637390971184,
    0.0422278493642807,
    0.04777427390217781,
    0.05293766409158707,
    0.05846052244305611,
    0.0630132183432579,
    0.06549899280071259,
    0.06545601785182953,
    0.06376376748085022,
    0.06234343349933624,
    0.06056412309408188,
    0.05872366577386856,
    0.057832878082990646,
    0.05747135728597641,
    0.057551607489585876,
    0.05727788060903549,
    0.05702652037143707,
    0.05693629011511803,
    0.05660349875688553,
    0.056103434413671494,
    0.05548832193017006,
    0.05481933057308197,
    0.05480629950761795,
    0.055759280920028687,
    0.05702398717403412,
    0.05858463793992996,
    0.06027667969465256,
    0.061772532761096954,
    0.06294877082109451
  ]
}