{
  "test_mae_us": 158553.92499999984,
  "test_rmse_us": 199070.87570750574,
  "test_mape_pct": 7.5613032166758,
  "best_val_loss": 0.02945956587791443,
  "train_samples": 37,
  "val_samples": 8,
  "test_samples": 9,
  "total_samples": 54
}