{
  "server": {
    "0.100": 250.0,
    "0.300": 250.0,
    "0.500": 250.0,
    "0.700": 250.0,
    "0.900": 250.0
  },
  "cache": {
    "0.100": 209.1356658935547,
    "0.300": 132.2963409423828,
    "0.500": 63.343238830566406,
    "0.700": 10.0,
    "0.900": 10.0
  },
  "search": {
    "0.100": 2048.0,
    "0.300": 1310.123291015625,
    "0.500": 1202.758544921875,
    "0.700": 1052.5885009765625,
    "0.900": 1059.6513671875
  },
  "mine": {
    "0.100": 1576.1478271484375,
    "0.300": 1247.7640380859375,
    "0.500": 1143.02392578125,
    "0.700": 1227.645263671875,
    "0.900": 1166.1495361328125
  }
}